first_name,last_name,email,phone_number,date_of_birth,date_of_joining,date_of_leaving,position,department,salary,is_current,supervisor_email
Susan,Abbott,alicia29@yahoo.com,122.576.3478,1967-11-25,2020-10-17,2023-02-21,CEO,Executive,140295.1,False,
David,Collins,psimmons@gmail.com,+1-417-116-4071x53397,1991-10-11,2022-11-25,,"Psychotherapist, dance movement",Engineering,108233.63,True,alicia29@yahoo.com
Briana,Hutchinson,vdavis@hotmail.com,(199)306-3006x15525,1992-01-12,2024-02-23,,Education administrator,Marketing,61116.64,True,psimmons@gmail.com
Dale,Hartman,grosscolleen@yahoo.com,796.455.1509x3272,1989-04-21,2021-04-15,,Field seismologist,Engineering,70239.15,True,alicia29@yahoo.com
Jeremy,Koch,michael70@woodard.org,043.095.6694x15389,1998-08-20,2020-09-29,2022-04-18,Sales promotion account executive,Finance,111141.34,False,psimmons@gmail.com
Mark,Lynn,andersonlinda@frank.com,701-027-0969x4522,1978-05-02,2022-01-25,,Equality and diversity officer,Engineering,54892.9,True,psimmons@gmail.com
Laura,Nelson,ryandoyle@yahoo.com,591.301.3071x9169,1958-10-29,2022-07-04,2022-07-07,Prison officer,Sales,65154.56,False,vdavis@hotmail.com
Jessica,Cox,mcarter@yahoo.com,(978)893-5510x63656,2000-06-29,2022-05-12,,"Psychotherapist, child",HR,59038.51,True,vdavis@hotmail.com
Bethany,Kelley,ericmunoz@walker.com,+1-981-199-1555x7456,1986-09-17,2022-02-26,,Risk manager,Sales,63104.06,True,michael70@woodard.org
Richard,Rosario,livingstoncindy@hotmail.com,(204)533-1808,1966-05-14,2024-04-09,,Press photographer,Finance,96024.51,True,psimmons@gmail.com
Daniel,Wilson,david05@finley.com,+1-717-787-6008,1976-07-23,2021-08-17,2022-10-20,Production engineer,Sales,50094.84,False,andersonlinda@frank.com
Alicia,Burns,gthomas@hotmail.com,5510649942,1980-03-31,2024-03-19,,"Engineer, civil (consulting)",Sales,108146.02,True,ericmunoz@walker.com
Samantha,Bailey,rwilliams@gmail.com,(715)579-0020,1976-07-22,2023-01-24,2023-12-30,Heritage manager,HR,106478.23,False,vdavis@hotmail.com
Robert,Howard,benjaminking@davis.com,001-751-788-1769x231,1967-11-07,2023-01-31,,Surgeon,Sales,48475.8,True,andersonlinda@frank.com
Robert,Miles,kathrynhayes@yahoo.com,+1-111-186-8439x81705,1986-10-14,2021-02-10,2021-12-31,Data processing manager,Marketing,63982.44,False,alicia29@yahoo.com
Michael,Bennett,garymartinez@hotmail.com,(145)917-6567x818,1970-07-29,2023-05-10,2024-01-10,"Engineer, electrical",Support,43323.12,False,michael70@woodard.org
Kathryn,Alexander,thomasaaron@deleon.com,451.547.7519x7825,1998-09-29,2021-02-06,2021-07-08,Records manager,HR,48594.69,False,alicia29@yahoo.com
Mark,Fowler,edavis@yahoo.com,001-788-093-3969x0366,2002-08-19,2020-09-18,2023-06-03,Printmaker,Marketing,38362.95,False,michael70@woodard.org
Christian,Lopez,lnewton@yahoo.com,001-388-464-1565x0441,2000-11-17,2021-09-30,2024-02-18,IT technical support officer,Finance,82119.08,False,ryandoyle@yahoo.com
James,Pugh,cooperlisa@cantrell-castro.info,001-290-497-6188x201,2004-03-12,2021-07-31,2022-02-17,Advice worker,Sales,104132.14,False,kathrynhayes@yahoo.com
Catherine,Estrada,luis65@hotmail.com,(100)472-1559x7157,1964-02-27,2024-04-02,2024-04-09,Manufacturing systems engineer,Engineering,78722.99,False,cooperlisa@cantrell-castro.info
Larry,Wagner,chanjoshua@bowen-harris.com,+1-326-495-5634x85561,1999-12-22,2022-10-14,2023-10-05,"Social research officer, government",Marketing,116363.41,False,luis65@hotmail.com
Maria,Williams,brianfrye@hotmail.com,902-148-5861x2419,1992-07-22,2023-12-11,,"Designer, ceramics/pottery",Engineering,99116.39,True,garymartinez@hotmail.com
Joshua,Jones,dwatson@yahoo.com,639.918.4392,1992-01-03,2024-05-17,,Sports therapist,Marketing,119004.19,True,andersonlinda@frank.com
David,Cross,wayne65@davis.biz,(132)005-3781x163,1965-12-31,2023-04-30,,Nutritional therapist,Engineering,65637.92,True,david05@finley.com
Jason,Hall,rayerin@hotmail.com,770.965.7988,1981-11-09,2023-07-19,,"Librarian, academic",Sales,74043.62,True,wayne65@davis.biz
Francisco,Pena,richardsonmax@serrano.com,684-058-5823x2156,1973-01-23,2021-05-28,2022-04-09,"Development worker, international aid",Engineering,58536.08,False,kathrynhayes@yahoo.com
Michael,Barnes,cynthia31@gmail.com,444.045.2234x48960,1995-02-03,2021-09-19,2022-04-13,Warehouse manager,Finance,34361.59,False,wayne65@davis.biz
Kimberly,Whitaker,etaylor@lopez.net,359-698-0786x8723,1988-09-15,2023-08-29,2024-02-14,"Pharmacist, hospital",Engineering,30044.62,False,andersonlinda@frank.com
Shane,Porter,rachel57@sanchez.info,+1-609-143-5404,1983-10-16,2024-01-12,2024-05-13,"Designer, television/film set",Engineering,48116.64,False,rwilliams@gmail.com
Virginia,Banks,josedodson@fields.com,+1-196-329-3113x7617,2002-12-02,2021-07-24,2022-12-29,Television/film/video producer,Support,54200.35,False,gthomas@hotmail.com
Joshua,Marks,lauren03@patrick.com,188-754-2245,1990-08-23,2023-02-08,,Accounting technician,Support,81124.66,True,psimmons@gmail.com
Juan,Walls,michaelsmith@yahoo.com,172.860.2010,2003-07-23,2022-06-29,2022-11-25,Broadcast presenter,Engineering,72176.6,False,rachel57@sanchez.info
Charles,Lozano,kimberly72@sherman.info,8445477693,2003-09-09,2021-03-19,2023-02-28,Hospital doctor,Support,59787.53,False,cynthia31@gmail.com
Kenneth,Thompson,dmiller@hotmail.com,925-882-3457x9591,1977-05-13,2020-08-20,,Health promotion specialist,HR,104298.2,True,alicia29@yahoo.com
Lindsay,Webb,vpierce@hotmail.com,001-434-604-9781x12721,1998-10-10,2023-11-12,2024-02-08,Audiological scientist,Sales,106377.54,False,brianfrye@hotmail.com
Angela,Mitchell,annmunoz@hotmail.com,(311)587-9676,1976-08-09,2023-05-03,,Commercial/residential surveyor,Finance,98184.13,True,grosscolleen@yahoo.com
Megan,Montoya,christopherbarajas@bailey-johnson.org,930.852.9377,1999-12-11,2024-01-06,2024-01-25,Forensic scientist,Support,44330.71,False,richardsonmax@serrano.com
Judy,Mitchell,christina17@yahoo.com,001-987-591-9770,1962-09-03,2021-06-09,2023-03-21,Animal nutritionist,HR,68860.96,False,lauren03@patrick.com
Jason,Williams,welchdouglas@hotmail.com,(337)604-5480x410,1982-01-14,2020-09-22,,Adult nurse,Marketing,36132.01,True,cynthia31@gmail.com
Jason,Bauer,john67@hotmail.com,+1-430-170-1725x82624,1978-06-09,2021-10-04,2022-12-29,Toxicologist,Marketing,61501.8,False,annmunoz@hotmail.com
William,Holmes,kdavis@hotmail.com,(479)557-5733x52607,2002-06-10,2021-08-12,,Recycling officer,Support,54603.5,True,edavis@yahoo.com
Brent,Delgado,sarahevans@wilson.org,581-789-2230,1960-01-26,2023-07-22,2024-02-20,TEFL teacher,Support,111321.16,False,richardsonmax@serrano.com
Travis,Green,loriwong@yahoo.com,+1-454-171-5759x211,1967-07-16,2023-12-07,,Biomedical engineer,Engineering,77012.5,True,kathrynhayes@yahoo.com
Peter,Roberts,rodney52@davis-robertson.org,209-871-3542x91857,1997-09-21,2021-10-07,2022-06-09,"Lecturer, higher education",Engineering,77241.56,False,ericmunoz@walker.com
Cathy,Lowe,treed@hotmail.com,022-536-5909,1958-10-04,2024-05-11,,Engineering geologist,Support,80049.93,True,dmiller@hotmail.com
Katherine,Goodwin,joseph10@hotmail.com,(555)077-8885,1987-06-10,2024-02-15,,Farm manager,Sales,97254.23,True,richardsonmax@serrano.com
Charles,Moore,erodriguez@yahoo.com,001-796-765-8832,2000-07-31,2022-04-18,,"Conservation officer, historic buildings",Sales,32848.24,True,david05@finley.com
Sarah,Adams,amandabarnes@moore.com,063.974.3923x073,2000-01-25,2023-09-25,2024-03-25,Actuary,Finance,85435.97,False,kathrynhayes@yahoo.com
Lori,Lopez,rnguyen@phillips.net,066.088.0441x947,1984-06-16,2021-12-08,2024-03-01,Dance movement psychotherapist,Support,108349.62,False,loriwong@yahoo.com
Judith,Sutton,jmartinez@randolph-sanchez.com,+1-435-919-3185x62762,1990-11-25,2021-11-20,2023-01-13,"Geneticist, molecular",HR,119824.08,False,treed@hotmail.com
Shannon,Moore,colinhuerta@gmail.com,(865)313-4139x1315,1972-04-06,2023-03-12,2023-10-23,Petroleum engineer,Support,33635.38,False,john67@hotmail.com
Benjamin,Williams,jeffery06@gmail.com,175.950.6349x402,1973-08-30,2023-09-21,2023-10-30,"Psychologist, prison and probation services",Engineering,119234.06,False,sarahevans@wilson.org
Joseph,Vasquez,bolson@gmail.com,2377759493,1994-11-16,2020-09-01,2021-01-25,Secretary/administrator,Sales,84803.04,False,etaylor@lopez.net
Yvonne,Mcneil,amber21@hotmail.com,001-064-826-4875x48992,1968-04-13,2020-10-08,2023-01-27,Mechanical engineer,HR,80698.32,False,chanjoshua@bowen-harris.com
Carolyn,Dyer,angelicamiller@yahoo.com,001-201-724-9955x58972,1982-08-19,2024-03-16,2024-03-23,Podiatrist,HR,81801.61,False,garymartinez@hotmail.com
Ronald,Brown,stacy50@williams.com,183.224.8824x105,1966-05-28,2024-01-20,,Intelligence analyst,Sales,110426.0,True,etaylor@lopez.net
Cynthia,Daniels,slong@yahoo.com,+1-153-861-3931x334,1973-03-30,2020-06-10,2023-11-08,"Geologist, wellsite",HR,81803.22,False,luis65@hotmail.com
Joseph,Strickland,timmendoza@finley-jones.com,(227)437-5220x34113,1986-04-29,2021-10-07,,Ecologist,HR,77405.58,True,stacy50@williams.com
Pamela,Donovan,melissa28@baker-perkins.com,(423)995-3815,1974-05-29,2023-10-26,2023-11-23,"Therapist, music",HR,80627.54,False,chanjoshua@bowen-harris.com
Wanda,Powell,drobinson@warner.com,(772)629-5061,1977-09-12,2024-01-31,2024-03-10,"Engineer, water",HR,77660.93,False,edavis@yahoo.com
John,Klein,cassandra95@oneal-ross.net,085-143-9273x3277,1991-12-12,2021-10-02,,Midwife,Support,97348.15,True,david05@finley.com
Virginia,Williams,troy68@moore.biz,9657657439,1974-12-23,2022-05-02,,Tour manager,Marketing,50521.67,True,cooperlisa@cantrell-castro.info
Sara,Mann,williamserica@silva.org,898-829-3824x9354,1978-03-19,2021-08-23,,Artist,Engineering,119902.26,True,stacy50@williams.com
Michael,Nelson,sheri79@yahoo.com,+1-589-465-1415x5650,2002-09-04,2021-05-07,,"Engineer, control and instrumentation",Finance,119691.96,True,luis65@hotmail.com
Brooke,Cunningham,jdavis@howell-wall.com,117-912-2117x764,1969-05-13,2020-09-24,2023-12-05,Occupational therapist,Engineering,62155.58,False,sheri79@yahoo.com
Brenda,Page,lallen@gmail.com,001-796-350-9826x238,1983-07-23,2020-05-24,,Editorial assistant,Sales,117965.34,True,timmendoza@finley-jones.com
Jeremy,Rodriguez,williamchavez@wright.com,871.214.0429,1983-06-28,2020-11-22,2022-08-30,"Civil engineer, contracting",Marketing,70209.3,False,michaelsmith@yahoo.com
Timothy,Underwood,lawrencekyle@hotmail.com,+1-295-136-2512x7459,1970-08-15,2022-07-10,2022-10-12,Chartered certified accountant,HR,86272.24,False,josedodson@fields.com
Perry,Haynes,mgibson@fowler-clark.com,001-300-767-6105x51774,1988-10-15,2020-10-08,2023-01-26,Medical sales representative,Finance,100469.04,False,welchdouglas@hotmail.com
Rachel,Stevens,bcollins@guerrero.com,725-827-8548x7011,1985-02-17,2020-09-24,,Financial planner,HR,50508.47,True,jeffery06@gmail.com
Nicole,Cain,jessica35@mccall.info,308.154.9624x789,1990-06-22,2022-01-26,,"Teacher, early years/pre",Sales,66959.09,True,rnguyen@phillips.net
Donna,Alexander,linda37@yahoo.com,0740600575,1968-11-28,2021-10-04,,"Nurse, mental health",HR,99180.13,True,mcarter@yahoo.com
Abigail,Brown,oarnold@yahoo.com,(727)006-2118,1983-02-25,2020-06-24,2021-05-27,Bookseller,Marketing,88267.38,False,josedodson@fields.com
Courtney,Alvarez,qmccarthy@kelly.com,+1-652-534-4568,1998-04-19,2022-11-28,2024-05-08,Geographical information systems officer,Marketing,52572.95,False,kdavis@hotmail.com
Tracy,Richards,hamptongavin@hotmail.com,(732)025-9675x39592,1999-02-13,2023-07-23,,Wellsite geologist,Finance,99127.01,True,annmunoz@hotmail.com
Gina,Boyle,zfernandez@campbell.com,001-879-699-5927x330,1989-02-07,2022-12-19,2022-12-25,Insurance account manager,Support,69723.08,False,hamptongavin@hotmail.com
Julie,Vincent,valenciamary@marshall.biz,793.488.2426x17870,1976-03-27,2021-01-01,2023-04-24,Catering manager,Engineering,86332.75,False,kdavis@hotmail.com
Stacey,Anderson,lgrant@hotmail.com,001-258-633-8838x1914,1973-08-22,2022-04-16,2022-05-08,Data processing manager,Support,86493.52,False,lawrencekyle@hotmail.com
Jason,Carter,bortiz@wagner-shepherd.com,(799)544-0830,1990-01-20,2023-04-26,2024-02-17,Visual merchandiser,HR,45823.18,False,lawrencekyle@hotmail.com
Matthew,Martinez,qmartinez@hotmail.com,775.573.8172,1967-05-25,2024-03-09,2024-04-27,"Development worker, community",Marketing,45409.96,False,rayerin@hotmail.com
Robin,Pena,carlosfitzgerald@gmail.com,380.507.1647x550,1973-09-08,2022-06-23,,Database administrator,HR,42800.96,True,linda37@yahoo.com
Logan,Vaughan,kellyadkins@burns.info,+1-434-508-4858x1396,1959-02-21,2024-01-17,2024-04-30,Theatre director,Sales,74320.12,False,bcollins@guerrero.com
Kevin,White,delgadogeoffrey@lin.info,001-286-879-8479x429,1978-10-10,2021-07-13,2022-06-05,Oceanographer,Marketing,42832.9,False,grosscolleen@yahoo.com
Amy,Wheeler,daryl56@gmail.com,688-111-1746x884,1989-06-26,2022-06-08,,Tax adviser,Engineering,111809.15,True,rwilliams@gmail.com
Jane,Lee,jacksonmichael@yahoo.com,001-064-726-9401x50992,1994-06-05,2023-07-24,,Medical sales representative,Support,116167.66,True,hamptongavin@hotmail.com
Terri,Cox,staceythompson@hotmail.com,001-411-529-1741x0139,1975-05-23,2020-11-02,2023-10-30,"Engineer, drilling",Engineering,84532.99,False,bolson@gmail.com
Jessica,Owens,rruiz@hotmail.com,+1-419-796-0702,1971-03-27,2021-04-30,2023-01-28,Games developer,Engineering,51332.99,False,dwatson@yahoo.com
Tammy,Alvarado,kenneth19@spencer.com,001-314-919-5612x5209,1962-12-16,2020-09-20,,Structural engineer,Engineering,63103.77,True,cynthia31@gmail.com
Philip,Collins,christinamacias@yahoo.com,853-359-7893x35737,2003-08-04,2022-10-05,,Clinical cytogeneticist,Engineering,44707.22,True,stacy50@williams.com
Jennifer,Gibson,tammybates@jordan.com,001-593-563-9917,1962-08-19,2022-08-09,,Biomedical scientist,Support,48998.71,True,stacy50@williams.com
Sean,Bright,alexiswelch@lucas.com,443-961-4097x4208,1974-10-26,2023-06-15,2024-04-22,Investment analyst,Engineering,93701.63,False,welchdouglas@hotmail.com
Zachary,Johnson,smithmichael@hotmail.com,4110000554,1975-04-12,2022-04-15,,Financial trader,HR,110372.52,True,troy68@moore.biz
Amber,Lewis,zhill@anderson-michael.com,001-530-331-6836x9448,1993-08-01,2020-09-22,,Advertising account executive,Finance,76906.78,True,livingstoncindy@hotmail.com
Gary,Schmidt,daniel73@hansen-davis.info,4985831367,2002-09-30,2022-07-31,2023-06-11,"Geologist, wellsite",Engineering,83257.97,False,alicia29@yahoo.com
Glenda,Gilmore,thomasjames@yahoo.com,001-150-954-5294x25370,1999-03-05,2024-05-13,2024-05-18,Physiotherapist,Sales,66665.38,False,kimberly72@sherman.info
Daniel,Guzman,william11@hotmail.com,6185352632,1980-05-17,2021-07-03,,"Therapist, drama",Engineering,59206.62,True,josedodson@fields.com
Linda,Ramirez,caleb97@costa-brown.com,(043)852-1520,1977-12-06,2023-03-22,2024-01-04,"Psychologist, clinical",HR,115020.56,False,chanjoshua@bowen-harris.com
Lori,Lawson,tsmith@hotmail.com,(868)110-4096x44736,1975-01-30,2023-09-30,2023-12-22,Theatre manager,Support,97487.76,False,cynthia31@gmail.com
Scott,Smith,thomasjennifer@yahoo.com,+1-824-528-7718x172,1982-12-06,2021-08-02,2023-10-15,Careers adviser,Engineering,66843.99,False,thomasjames@yahoo.com
Lisa,Ashley,robleslouis@hotmail.com,536-860-6855x1212,1987-10-09,2022-12-02,,Advertising copywriter,Engineering,82969.4,True,john67@hotmail.com
Lorraine,Brown,ramosjeffrey@turner.biz,967.220.8221x71942,1964-09-04,2023-04-07,2023-05-03,"Education officer, museum",Finance,71144.89,False,hamptongavin@hotmail.com
Donna,Freeman,gilbertscott@yahoo.com,573.263.0830x63767,1982-11-29,2023-07-12,,Multimedia specialist,HR,71970.24,True,david05@finley.com
Darrell,Burgess,caleb19@miller.biz,001-522-653-9000x1009,1975-04-01,2020-06-28,,Environmental health practitioner,HR,103106.76,True,thomasjames@yahoo.com
Jacqueline,Ramirez,keithbass@yahoo.com,843.799.4554,1958-08-24,2022-09-25,,"Solicitor, Scotland",Marketing,40084.57,True,psimmons@gmail.com
Gregory,Saunders,townsenddonna@yahoo.com,055-196-7810x477,1993-05-31,2021-02-07,2024-05-10,Public relations officer,Sales,111078.11,False,etaylor@lopez.net
Kenneth,Mason,philipwalls@hotmail.com,(031)835-7796x24512,1995-07-03,2021-06-17,2023-12-01,"Copywriter, advertising",Marketing,72335.03,False,kathrynhayes@yahoo.com
Jason,Pham,johnstonkyle@williams-dunlap.net,936-282-9318,1990-01-26,2022-03-04,,Furniture conservator/restorer,Finance,73940.89,True,ryandoyle@yahoo.com
Paul,Porter,vharris@gordon.info,001-386-622-1248,1998-07-10,2020-09-13,,Education administrator,HR,45964.09,True,amandabarnes@moore.com
Andrea,Lewis,yjimenez@gmail.com,551.047.6755x868,2000-12-11,2020-07-25,2020-12-03,Clinical cytogeneticist,HR,118449.86,False,daniel73@hansen-davis.info
Andre,Harrison,wbaxter@nelson.com,802-798-5127,1986-01-11,2020-10-25,,Set designer,Support,100026.8,True,garymartinez@hotmail.com
Stephen,Hoffman,kjones@norman-price.biz,+1-704-360-9234,1962-01-03,2021-07-29,2021-11-17,Financial planner,Sales,82154.57,False,rodney52@davis-robertson.org
Charlotte,Jefferson,johncarpenter@yahoo.com,001-555-456-1423x1464,1976-06-18,2022-01-15,,IT sales professional,Sales,117304.37,True,zhill@anderson-michael.com
Julie,Clark,tracyjordan@hotmail.com,+1-999-543-2780,1996-10-27,2023-08-16,2023-12-04,Drilling engineer,Engineering,58196.84,False,richardsonmax@serrano.com
Joseph,Harrison,patriciagonzales@gomez.biz,+1-456-043-4902x488,1988-10-19,2022-09-03,,"Scientist, water quality",HR,102426.41,True,carlosfitzgerald@gmail.com
Michael,Scott,patriciaroberts@bryant-carpenter.com,(931)323-4370,1989-10-27,2021-02-06,,Diplomatic Services operational officer,Finance,105563.36,True,tracyjordan@hotmail.com
Robert,Morrow,edward79@ochoa-rhodes.com,709.185.3736,1974-07-19,2023-03-26,2023-07-10,"Psychologist, occupational",Support,74510.39,False,patriciaroberts@bryant-carpenter.com
Emily,Jackson,ewilliams@gmail.com,478-405-3503,1973-04-20,2023-05-30,,"Designer, blown glass/stained glass",Support,114087.38,True,lauren03@patrick.com
Justin,Briggs,yjones@hotmail.com,967.670.7211x4206,1960-08-29,2020-07-30,2024-05-15,Equities trader,Sales,88615.05,False,edward79@ochoa-rhodes.com
Cassandra,Johnson,nortonmegan@yahoo.com,(858)403-8700x70882,1999-05-14,2021-06-26,2022-12-29,Legal secretary,Finance,32379.55,False,lallen@gmail.com
Philip,Carlson,timothymeyer@scott.info,7193351686,1972-08-17,2023-06-21,2024-03-09,Air cabin crew,Sales,85157.37,False,sarahevans@wilson.org
William,Hampton,destinywood@mcdonald.org,001-491-101-4291,1974-06-08,2023-06-26,,"Designer, textile",HR,96383.16,True,cooperlisa@cantrell-castro.info
Kevin,Gillespie,lsmith@hotmail.com,+1-460-557-0269x308,1973-01-16,2024-02-26,2024-04-13,"Therapist, occupational",Sales,101899.27,False,ryandoyle@yahoo.com
Christopher,Gardner,valerie89@gmail.com,124-224-6353,1972-02-15,2021-11-24,,Comptroller,HR,86236.15,True,sheri79@yahoo.com
Jason,Vaughn,youngkathleen@yahoo.com,+1-301-947-7739x7453,1987-01-17,2022-11-04,,Clinical psychologist,Engineering,81119.95,True,patriciagonzales@gomez.biz
Jill,White,yfox@oneal.net,690-174-2716x2290,2002-06-15,2021-05-20,,Clothing/textile technologist,Support,92491.22,True,grosscolleen@yahoo.com
Douglas,Thompson,jose53@yahoo.com,1016937817,1975-11-10,2023-10-19,,Database administrator,Marketing,74580.29,True,rwilliams@gmail.com
Joan,Herrera,olsongregory@nelson.net,042.042.3693x50055,1978-10-06,2021-05-26,2021-06-27,Museum/gallery exhibitions officer,Finance,96246.25,False,lnewton@yahoo.com
Steven,Jimenez,macdonaldbrad@gmail.com,+1-494-182-7756,1966-10-31,2020-06-02,,"Loss adjuster, chartered",Engineering,65045.55,True,cassandra95@oneal-ross.net
Charles,Gregory,michelle72@yahoo.com,001-358-070-5483x3738,1980-09-05,2020-09-05,2022-08-24,Sales promotion account executive,Support,112434.98,False,daniel73@hansen-davis.info
Donna,Morgan,andersonkirsten@yahoo.com,(156)649-7504x763,1986-08-21,2023-08-21,,"Engineer, mining",Support,74424.32,True,kathrynhayes@yahoo.com
Caroline,Perry,penny41@gmail.com,(239)388-2108x6459,1990-06-30,2021-06-25,2024-02-09,Economist,Support,38796.41,False,mcarter@yahoo.com
Mark,Rodriguez,thomasperkins@pacheco.com,8658524191,1990-03-26,2021-07-29,2022-07-21,Television/film/video producer,Sales,32564.77,False,yfox@oneal.net
Monique,Wolfe,sdillon@hill.net,+1-192-058-7177x186,1964-06-24,2021-04-02,,Planning and development surveyor,Support,47400.35,True,jmartinez@randolph-sanchez.com
Rebecca,Williams,pmason@hardy.com,733-186-6552,1969-01-26,2023-05-28,2023-06-29,Arboriculturist,Engineering,90656.53,False,michael70@woodard.org
Todd,Nichols,ohebert@novak.com,647-777-9735,1984-05-30,2023-06-03,,Textile designer,Sales,38590.33,True,ryandoyle@yahoo.com
Tara,Ward,gevans@gardner-butler.com,001-653-152-0847x204,1983-07-27,2020-09-20,2023-07-23,Minerals surveyor,Sales,56366.23,False,chanjoshua@bowen-harris.com
Laura,Conley,vquinn@yahoo.com,001-097-928-7201,1992-11-16,2022-09-06,,Paramedic,Support,83467.9,True,rachel57@sanchez.info
Todd,Lopez,olivia88@yahoo.com,552.370.1333,1975-05-14,2022-04-26,,Ranger/warden,Engineering,84873.88,True,kenneth19@spencer.com
Wayne,Downs,carriemoreno@robertson.com,4403944801,1993-09-22,2024-01-08,,Astronomer,Marketing,116353.19,True,rruiz@hotmail.com
Elizabeth,Garcia,rebeccaflores@hernandez.com,001-910-469-2481x5664,1961-09-15,2023-03-19,,Transport planner,Finance,97924.55,True,sdillon@hill.net
Traci,Turner,rachel92@hubbard-jones.biz,469.360.3162x2162,2004-02-05,2023-01-18,2023-10-16,Company secretary,Engineering,68779.9,False,staceythompson@hotmail.com
Hannah,Crane,barbara77@gmail.com,(722)390-3703x171,1971-05-16,2023-11-20,2024-01-14,Forensic psychologist,Marketing,110525.2,False,ericmunoz@walker.com
Ashley,Hood,vbrown@jenkins.com,+1-731-307-6408x1314,1968-04-02,2023-01-16,,Quarry manager,Support,104021.19,True,rachel92@hubbard-jones.biz
Todd,Hines,lindseysmith@roach-gallagher.info,001-910-015-0373x30832,2000-03-10,2020-06-08,,Soil scientist,HR,56916.0,True,thomasperkins@pacheco.com
Karen,Velasquez,jevans@sellers.com,+1-035-766-7712x82881,1993-03-10,2021-02-23,,Market researcher,Engineering,107543.15,True,rachel57@sanchez.info
Leah,Rice,ncunningham@yahoo.com,862-290-7783x58199,1993-04-05,2023-01-29,2023-10-18,Location manager,Support,108242.58,False,colinhuerta@gmail.com
Elizabeth,Powell,richardcarroll@yahoo.com,(471)904-5953,1989-04-26,2021-10-07,2022-08-10,Special effects artist,Support,100277.37,False,ramosjeffrey@turner.biz
Gary,Ross,peter42@peterson.com,(412)212-9305,1988-06-29,2023-11-11,2024-03-29,"Designer, graphic",Sales,98200.83,False,drobinson@warner.com
Laura,Harris,stephanie27@taylor.com,112-010-7815x83561,1962-09-10,2024-01-26,2024-02-01,Careers information officer,Sales,30586.0,False,williamchavez@wright.com
Rhonda,Johnson,victoria24@yahoo.com,346.029.5842x6353,1976-05-20,2022-01-25,2022-12-30,"Copywriter, advertising",Marketing,92592.69,False,oarnold@yahoo.com
Christopher,Lloyd,matthew06@lopez.biz,070.242.8072,1986-11-07,2023-09-15,2023-12-29,"Psychologist, prison and probation services",Sales,108753.17,False,jeffery06@gmail.com
Cindy,Barber,idawson@yahoo.com,5492428295,1986-01-25,2022-04-12,,Police officer,Sales,115462.27,True,lnewton@yahoo.com
Leslie,Wolf,keith87@alexander.com,394.597.3787x0589,1981-04-27,2020-12-28,2021-10-07,Estate manager/land agent,Sales,64102.05,False,luis65@hotmail.com
Katherine,Alvarez,zlevine@williamson-matthews.com,767-947-3896,1969-08-20,2023-11-06,,Engineering geologist,Sales,109132.09,True,bolson@gmail.com
Katrina,May,campbelllori@thompson.org,001-579-824-9708x700,1965-07-04,2023-03-23,,Film/video editor,Support,67647.54,True,zlevine@williamson-matthews.com
Richard,Sanders,jamesevans@gmail.com,(430)317-0175x001,1989-08-29,2022-07-04,,Patent examiner,Sales,119509.09,True,bcollins@guerrero.com
Travis,Jones,silvakaren@williams.com,453.300.1425,1990-02-16,2023-11-11,2023-12-29,Camera operator,HR,100322.78,False,tsmith@hotmail.com
Julie,Webster,marcus48@gmail.com,288-085-6873x865,1971-01-18,2022-04-30,2024-02-02,Insurance underwriter,Engineering,80793.8,False,carlosfitzgerald@gmail.com
Micheal,Jones,michele71@hotmail.com,439-214-9919x21646,1960-12-18,2022-08-07,2023-11-04,Building surveyor,Finance,91042.1,False,slong@yahoo.com
Brian,Barnes,sabrina87@martinez.com,2377294225,1968-08-10,2022-03-13,,"Administrator, education",Finance,119911.33,True,caleb19@miller.biz
Michael,Evans,gabriel42@yahoo.com,001-707-892-6678x51150,1990-05-06,2023-10-25,,Health physicist,Sales,80125.96,True,wayne65@davis.biz
Deborah,Ruiz,danielmichael@yahoo.com,001-589-649-4203,1995-02-02,2022-03-31,,"Conservator, furniture",Finance,58394.21,True,stacy50@williams.com
Brett,Bautista,stevensonoscar@gmail.com,001-619-553-1599x933,1996-03-18,2022-01-07,2022-01-11,Exhibition designer,Sales,34395.88,False,qmartinez@hotmail.com
Travis,Durham,kelly93@martinez.biz,596-868-0647,1971-07-13,2022-07-14,2023-12-24,"Psychologist, sport and exercise",Engineering,72610.95,False,keith87@alexander.com
Edward,Lopez,wcooke@cox.com,001-704-402-1256,1976-02-06,2024-03-16,2024-03-29,Tree surgeon,Finance,67860.4,False,sdillon@hill.net
Sandra,Burton,mooredaniel@hotmail.com,6485799866,1992-07-11,2021-03-14,,Art therapist,Finance,33365.41,True,idawson@yahoo.com
Debra,Wong,torrestimothy@yahoo.com,413-349-2901x0773,1966-03-28,2022-07-30,2022-11-04,"Scientist, clinical (histocompatibility and immunogenetics)",Sales,71867.96,False,drobinson@warner.com
Erik,Davis,leealicia@williams.com,+1-759-156-4748x7007,1996-01-30,2023-06-30,,Recruitment consultant,HR,38058.53,True,thomasperkins@pacheco.com
Johnny,Macdonald,jstevens@gmail.com,(980)307-1889,1981-10-06,2023-05-11,,Adult nurse,HR,75194.64,True,vpierce@hotmail.com
Scott,Lee,pflores@gmail.com,001-667-427-8137x70436,1998-05-17,2023-02-05,2024-05-07,"Production designer, theatre/television/film",Marketing,70530.14,False,bcollins@guerrero.com
Anthony,Thompson,ilee@hotmail.com,760.323.9874,1991-12-17,2022-06-01,2023-08-09,Probation officer,Sales,30129.74,False,erodriguez@yahoo.com
Melanie,Coleman,zhangsharon@yahoo.com,001-652-431-3365,1961-12-27,2023-01-21,2023-11-24,Jewellery designer,Sales,54317.38,False,michelle72@yahoo.com
Ronald,Mendoza,aprilroberts@gmail.com,(762)262-0922,2003-11-27,2021-03-03,2022-02-17,"Engineer, communications",Support,40034.59,False,thomasjennifer@yahoo.com
Gina,Larsen,shieldsaustin@flores.com,(711)481-7018x0304,1965-03-26,2023-12-17,,Minerals surveyor,HR,51964.46,True,pmason@hardy.com
Jessica,Stevenson,burnsmark@montgomery.com,(132)413-8248,1992-09-15,2022-01-07,2022-08-05,Call centre manager,Marketing,33806.61,False,rodney52@davis-robertson.org
Victoria,Wolf,jared13@yahoo.com,602.871.7386x3443,1997-06-29,2020-11-13,,"Social research officer, government",HR,94240.44,True,mooredaniel@hotmail.com
Jill,Simon,qhanson@adams-nguyen.com,807-942-3012x600,1982-11-06,2021-03-10,2021-11-03,"Social research officer, government",HR,83815.55,False,michaelsmith@yahoo.com
April,Fisher,ruth24@yahoo.com,654-959-5331x762,1979-02-06,2020-07-22,2020-10-04,Magazine journalist,Sales,105737.9,False,valenciamary@marshall.biz
Patrick,Morrow,jennifer75@lopez-wagner.com,(461)257-4990,2003-10-29,2021-10-12,,"Surveyor, building",Sales,51056.91,True,destinywood@mcdonald.org
Patricia,Mccormick,mstuart@yahoo.com,7791975086,1969-02-04,2024-04-29,2024-05-13,Secondary school teacher,Marketing,52617.61,False,amandabarnes@moore.com
Joseph,Bryan,mcguiredonna@yahoo.com,309.462.8837x528,1974-04-05,2024-02-03,2024-04-07,Proofreader,Support,87906.46,False,sheri79@yahoo.com
Teresa,Drake,jcooper@yahoo.com,(747)022-1574,1990-07-14,2022-06-21,,Comptroller,Support,88104.99,True,keithbass@yahoo.com
Jackson,Diaz,brightjames@hotmail.com,703.301.7752,1963-08-13,2024-01-21,2024-03-06,Recruitment consultant,Marketing,70863.16,False,williamchavez@wright.com
Timothy,Williams,flemingdevon@hayes.info,174.358.2536,1959-02-15,2022-04-14,2024-02-20,Insurance underwriter,Engineering,55528.08,False,amandabarnes@moore.com
Joel,Anderson,longcharles@martin.com,+1-742-927-1601x668,2001-09-18,2024-03-05,2024-03-30,English as a foreign language teacher,Finance,108396.68,False,gilbertscott@yahoo.com
Ashley,Cordova,dustin04@gmail.com,+1-579-155-2101x338,1978-03-14,2022-12-15,,Retail banker,Marketing,69064.17,True,troy68@moore.biz
Mark,Ramirez,juanbaldwin@wright-lindsey.com,402.864.0189x1758,2000-06-01,2024-03-14,2024-05-23,Teaching laboratory technician,Engineering,60172.34,False,valerie89@gmail.com
Stephen,Henry,xpatterson@yahoo.com,(131)436-8299,1984-01-07,2023-06-12,2024-05-05,Radio broadcast assistant,Support,75274.55,False,lallen@gmail.com
Donna,Johnson,smithrandall@huber-ford.com,732.460.0792,1968-12-08,2023-03-03,2023-10-25,Therapeutic radiographer,Sales,50408.25,False,olsongregory@nelson.net
Carol,Shaw,ashley90@rivera.com,(554)387-9061,1964-03-16,2021-10-13,2022-04-06,Purchasing manager,Engineering,114478.55,False,silvakaren@williams.com
Mckenzie,Hale,williamsonanthony@gmail.com,+1-709-775-1631,1992-11-27,2020-07-07,2020-09-11,Government social research officer,Marketing,110370.11,False,wayne65@davis.biz
Steven,Christensen,elizabeth19@gmail.com,147.030.2927x82444,1960-07-21,2024-02-01,,Financial manager,Sales,37716.0,True,rachel92@hubbard-jones.biz
Haley,Montoya,ashleylopez@ray-hernandez.com,(789)372-1898,1997-07-27,2023-01-01,,"Lecturer, higher education",Engineering,110324.64,True,yjones@hotmail.com
Jon,Black,scott31@hotmail.com,+1-258-165-3672x771,1971-05-23,2023-11-17,,IT technical support officer,Support,47064.27,True,williamsonanthony@gmail.com
Monique,Smith,robert18@rivera.com,947.232.4726,1982-12-27,2022-04-11,,Forensic psychologist,Finance,40545.37,True,nortonmegan@yahoo.com
Shannon,Carroll,rbarnes@cruz-velasquez.com,518-379-4215x01377,1993-04-01,2021-04-04,2022-11-17,"Teacher, primary school",Support,112071.82,False,ruth24@yahoo.com
Anthony,Nguyen,lauren97@reed.info,001-849-416-2233x9988,1988-05-03,2021-09-11,,"Engineer, petroleum",Sales,43777.14,True,rnguyen@phillips.net
Denise,Riley,catherinewhite@miller-cochran.net,001-427-495-5741x34330,1993-06-15,2022-12-06,2023-02-22,Psychotherapist,Engineering,64067.61,False,sdillon@hill.net
Victoria,Obrien,richardsonjoshua@hotmail.com,470-518-8468x02184,1985-01-12,2023-02-20,2024-03-01,Counsellor,Engineering,87958.26,False,keith87@alexander.com
Allison,Roberts,rachel01@cruz.org,480.723.1165x506,1964-01-24,2023-10-17,2024-01-09,"Development worker, community",Support,50304.81,False,rachel92@hubbard-jones.biz
Melinda,Garcia,smithlisa@gmail.com,935.857.5327x52873,1959-02-26,2022-10-04,2023-12-25,Police officer,Sales,76271.3,False,yfox@oneal.net
Tina,Huang,oberry@yahoo.com,001-926-863-9833,1963-05-12,2021-12-16,2022-10-20,Facilities manager,Marketing,109363.16,False,ryandoyle@yahoo.com
Susan,Rodriguez,princescott@gmail.com,014.866.4333,1967-08-08,2021-08-31,,"Engineer, biomedical",Sales,83110.26,True,torrestimothy@yahoo.com
Matthew,Durham,glassdaniel@rivera.com,215-887-0173x9538,1998-07-10,2020-09-20,,Tourist information centre manager,Marketing,71161.24,True,christinamacias@yahoo.com
Sheila,Montes,mkemp@yahoo.com,815-138-1768,1987-01-07,2023-07-24,,Chief Marketing Officer,Sales,110387.14,True,mgibson@fowler-clark.com
Donna,Hurley,alejandrocook@nguyen.biz,+1-760-118-5168,1971-12-28,2022-01-12,,Community development worker,Finance,111458.34,True,angelicamiller@yahoo.com
Steven,Sampson,alyssagarcia@pham.com,4916950843,1972-08-29,2020-08-20,2023-02-14,"Secretary, company",HR,56646.13,False,tammybates@jordan.com
Emily,Clark,vazquezrachel@bright-huff.com,619-074-6379,1967-10-07,2022-12-06,,Civil Service fast streamer,Finance,55720.46,True,angelicamiller@yahoo.com
Aaron,Carney,hgraham@collier-williams.com,001-897-284-9495x34681,1969-10-22,2021-09-11,,Production manager,Engineering,46082.31,True,flemingdevon@hayes.info
Joel,Sloan,jessicablake@mendez.com,(825)274-9737x7594,1987-08-16,2022-08-29,2023-10-15,"Psychologist, sport and exercise",Marketing,55784.05,False,garymartinez@hotmail.com
Christopher,Atkinson,aduncan@parrish-mccall.com,190.345.6021x53318,1973-10-08,2022-12-20,,"Journalist, magazine",Support,92979.0,True,timothymeyer@scott.info
Gavin,Roberts,blakemichael@gmail.com,742-540-8057x0074,1960-10-24,2024-01-27,2024-02-03,"Surveyor, planning and development",Support,81332.01,False,zfernandez@campbell.com
Patty,Williams,rhernandez@hotmail.com,037.547.5954,1963-06-15,2024-02-07,,"Administrator, local government",Finance,77530.19,True,ashleylopez@ray-hernandez.com
Thomas,Thompson,branchashley@roberts.com,(496)379-2206,1993-03-28,2023-09-03,,Illustrator,Support,94583.02,True,garymartinez@hotmail.com
Christina,Roberts,davenportwendy@hotmail.com,+1-777-623-3003x690,1988-03-15,2020-08-20,,Operations geologist,Marketing,53672.05,True,kjones@norman-price.biz
Justin,Smith,meganibarra@yahoo.com,001-105-696-4205,1997-08-25,2020-11-30,,Materials engineer,HR,96429.97,True,aprilroberts@gmail.com
Catherine,Hays,lewisjames@miles.biz,163.989.0725,1975-04-25,2020-05-24,,Land/geomatics surveyor,Finance,68726.01,True,lsmith@hotmail.com
Chris,Holland,figueroaamy@thomas.biz,728.691.4323,1997-11-23,2023-07-30,,"Programme researcher, broadcasting/film/video",HR,109776.8,True,slong@yahoo.com
Felicia,Chen,becky67@johnson-henry.com,036.540.3328x308,1986-04-25,2021-08-06,,Trading standards officer,Support,67049.57,True,alicia29@yahoo.com
Oscar,Robinson,jameswhitney@gmail.com,+1-892-243-8346x348,2002-06-08,2023-12-23,2023-12-30,Consulting civil engineer,Engineering,66951.85,False,daniel73@hansen-davis.info
Leah,Anderson,jonesdebra@hotmail.com,6742259392,1973-09-25,2023-06-10,,"Pharmacist, community",Finance,101135.9,True,jeffery06@gmail.com
Jack,Frye,fgutierrez@gmail.com,(296)689-6648,1974-06-10,2023-08-28,2024-01-29,Fast food restaurant manager,Sales,91816.89,False,wayne65@davis.biz
Michelle,Clarke,david01@mitchell.biz,+1-782-344-5350,1959-04-06,2022-12-16,,"Sound technician, broadcasting/film/video",Engineering,93026.38,True,rruiz@hotmail.com
Thomas,Kelly,tbenitez@david-leach.com,(736)810-6630x39919,1995-05-20,2022-04-25,,Television production assistant,Finance,117761.02,True,grosscolleen@yahoo.com
Jennifer,Nelson,vyork@benson-richard.org,038.617.1397x2549,1960-03-17,2022-06-12,,Field seismologist,Engineering,114145.96,True,linda37@yahoo.com
Angela,Marshall,bennetttracey@yahoo.com,001-832-117-4209x332,1991-08-03,2023-03-23,2023-07-03,"Engineer, civil (contracting)",Engineering,96334.1,False,davenportwendy@hotmail.com
Chloe,Santos,michelle40@mathis.info,736.705.1373,1980-10-08,2023-07-12,2024-03-11,"Civil engineer, consulting",Support,42229.76,False,rachel57@sanchez.info
David,Cherry,zlove@brown.biz,753.994.6362,1994-01-31,2022-11-07,2023-01-16,Company secretary,Sales,78194.87,False,mstuart@yahoo.com
Justin,Johnson,djones@yahoo.com,+1-664-828-9431x111,1971-10-15,2022-06-21,,Probation officer,Marketing,114526.18,True,thomasjennifer@yahoo.com
Valerie,Mahoney,bbarnes@hotmail.com,(467)818-7918x8967,1977-01-28,2020-10-21,,Pension scheme manager,Marketing,57010.27,True,jennifer75@lopez-wagner.com
Angela,Gallagher,ryanandrews@hotmail.com,134.398.8654x9101,1990-01-28,2022-05-11,,Web designer,Finance,56648.88,True,longcharles@martin.com
Scott,Long,bradley37@oliver.info,537.588.3693x77655,1989-11-15,2024-04-13,,"Surveyor, land/geomatics",Sales,93080.93,True,edward79@ochoa-rhodes.com
Sierra,Reyes,christopherhawkins@yahoo.com,145-700-1401,1987-01-30,2022-09-03,,Horticultural therapist,Marketing,77949.25,True,timmendoza@finley-jones.com
Shannon,Barrett,ruiztracy@hotmail.com,8512035463,1960-01-04,2020-10-18,2022-08-26,"Administrator, education",Marketing,113859.54,False,smithmichael@hotmail.com
Sara,Holt,angelaharris@le-lozano.org,407-674-5341x18382,1981-10-24,2020-10-07,,"Surveyor, land/geomatics",HR,108287.35,True,princescott@gmail.com
Jeremy,Martinez,andersonpatricia@yahoo.com,051-785-7369x71884,1990-03-19,2024-04-22,2024-05-19,"Editor, film/video",Engineering,82183.59,False,timmendoza@finley-jones.com
Michelle,Blackburn,tinahernandez@gmail.com,438-876-8257x70217,2002-06-14,2023-10-09,2024-03-07,Lobbyist,Engineering,63963.19,False,ohebert@novak.com
Michael,Watson,timothy34@gmail.com,490-462-6947x07968,1997-11-30,2022-06-21,2023-03-19,"Accountant, chartered public finance",Finance,105872.15,False,pmason@hardy.com
Pamela,Howell,sspears@hotmail.com,929-147-7827x8515,1977-11-11,2022-07-17,2024-02-24,Database administrator,HR,72827.0,False,catherinewhite@miller-cochran.net
Melissa,Rose,vasquezscott@yahoo.com,056-568-6210x4265,1999-06-13,2021-02-09,,Contracting civil engineer,Finance,46633.32,True,mgibson@fowler-clark.com
Laura,Lewis,jcook@yahoo.com,(113)803-8261x96711,1969-12-04,2020-05-24,2024-03-05,Science writer,Marketing,78775.27,False,ewilliams@gmail.com
Bryan,Davis,jonathan36@mcconnell.com,(341)130-7625,1998-07-25,2020-11-06,2022-10-18,Research scientist (physical sciences),Support,108194.79,False,ncunningham@yahoo.com
Kelsey,White,gilbertshawn@gmail.com,001-197-665-5346x5467,1987-11-12,2021-03-24,2021-12-27,Multimedia programmer,HR,33993.29,False,christinamacias@yahoo.com
Teresa,Watson,bishopgeorge@hogan.org,6907653411,1999-08-13,2020-10-26,,Commercial art gallery manager,HR,75303.48,True,zlevine@williamson-matthews.com
Samantha,Davis,kelly22@gmail.com,001-629-049-2758x88203,1960-06-18,2021-11-24,2023-09-24,Catering manager,HR,114390.78,False,victoria24@yahoo.com
Crystal,Carter,djoseph@gmail.com,001-708-208-2838x96876,1990-12-14,2021-06-08,2022-07-31,"Engineer, drilling",Sales,72711.05,False,luis65@hotmail.com
Brent,Horne,jessica03@white.com,+1-185-402-7983x062,1958-07-08,2023-11-13,2023-12-26,Chief Financial Officer,HR,56877.78,False,sheri79@yahoo.com
Nicole,Torres,francisco05@hotmail.com,651-019-5330x22740,1990-01-18,2021-05-09,,Insurance underwriter,Marketing,100816.42,True,bishopgeorge@hogan.org
Peter,Murray,james73@hotmail.com,1117514912,1990-06-01,2022-01-16,2022-09-14,"Scientist, water quality",Marketing,43869.96,False,williamchavez@wright.com
Stacie,Bowman,marc46@stark.com,(108)176-0169,1984-04-06,2022-06-26,2024-02-18,"Engineer, water",Engineering,51788.21,False,tammybates@jordan.com
Pedro,Anderson,hodgesnicole@davis-carter.com,(646)559-0443,1980-01-07,2023-10-13,2023-12-02,Patent examiner,Marketing,93165.4,False,stephanie27@taylor.com
Peter,Rodriguez,ipratt@sullivan.com,201.641.9791,1968-12-12,2022-05-09,2024-04-11,Gaffer,Finance,36090.81,False,kjones@norman-price.biz
Jason,Mann,russocarlos@hotmail.com,(115)113-4464,2003-08-28,2022-06-09,2023-05-21,Systems analyst,Finance,71270.15,False,jonesdebra@hotmail.com
Mark,Martinez,clewis@george.info,+1-749-018-9623,1978-02-25,2023-11-27,,Educational psychologist,Engineering,96418.0,True,alejandrocook@nguyen.biz
Melissa,Tran,ryan01@sanchez-cruz.net,001-034-696-1897,1998-02-18,2021-06-02,2023-02-02,Chemical engineer,Sales,101122.84,False,djones@yahoo.com
Emily,Clements,christopher57@valenzuela.com,001-928-934-2180x67544,1969-10-31,2021-09-28,,Astronomer,Finance,110585.05,True,ericmunoz@walker.com
Jessica,Lopez,danielgary@russell.com,591.082.0135x60107,1971-02-01,2023-04-11,2023-08-10,Commissioning editor,Marketing,117441.81,False,lauren03@patrick.com
Terri,Hoffman,hallcharles@gmail.com,4827580712,2000-11-17,2021-12-15,2024-02-19,Visual merchandiser,Support,94148.25,False,josedodson@fields.com
Karen,Schwartz,ronald15@brown.com,+1-808-003-8316,1971-07-24,2021-02-17,,Community pharmacist,Sales,55722.0,True,cynthia31@gmail.com
Kimberly,Lee,jennifernelson@gmail.com,001-151-265-6112x8139,1967-12-29,2023-12-25,2024-04-18,Astronomer,Finance,76036.85,False,slong@yahoo.com
Debra,Bradley,johnmartinez@yahoo.com,135.955.7349x164,2001-07-25,2021-04-19,,Holiday representative,Sales,60389.72,True,shieldsaustin@flores.com
Guy,Brewer,gsnyder@davis.com,+1-308-110-9611,2004-02-06,2022-01-15,,"Scientist, research (life sciences)",Sales,31613.48,True,vdavis@hotmail.com
Tom,Jones,martin74@james-ramirez.biz,+1-710-883-6303x09623,2003-06-20,2021-03-28,2021-04-25,"Runner, broadcasting/film/video",Support,37020.22,False,fgutierrez@gmail.com
Vanessa,Martin,reidernest@hotmail.com,5871230913,1962-08-29,2023-11-15,2023-12-21,Economist,Engineering,43177.42,False,rachel57@sanchez.info
Michelle,Curtis,dennismann@schneider.com,+1-259-555-8724x0175,1990-07-29,2022-01-03,2024-04-22,Publishing copy,HR,34958.54,False,flemingdevon@hayes.info
Jocelyn,Lee,ryan32@white.org,+1-022-737-3397x9435,1964-12-16,2024-01-31,,"Engineer, site",HR,77283.23,True,davenportwendy@hotmail.com
Billy,Carter,marybell@bender.net,371.897.4319x755,1990-02-01,2021-12-07,2021-12-28,"Lecturer, higher education",Marketing,96939.48,False,vyork@benson-richard.org
Zachary,Nunez,yjackson@wilkins-lin.com,+1-741-749-5358x9115,1966-01-01,2020-07-18,,Broadcast presenter,Finance,41737.52,True,christina17@yahoo.com
Debra,Wilkerson,morganjessica@guzman-koch.org,5685585741,1961-06-06,2023-11-22,2024-02-02,Futures trader,Finance,74818.51,False,richardsonjoshua@hotmail.com
Dustin,Bryant,rebeccawheeler@gmail.com,+1-645-739-2029,1972-08-18,2023-10-26,,"Designer, furniture",Finance,54340.01,True,nortonmegan@yahoo.com
Kenneth,Williams,robert82@hotmail.com,962.474.7199x529,1995-01-20,2023-08-06,,Land,Finance,116339.55,True,yjackson@wilkins-lin.com
Heidi,Saunders,xpatel@hotmail.com,(167)454-9217,1984-01-20,2021-06-06,,Building surveyor,Finance,88230.25,True,lindseysmith@roach-gallagher.info
Scott,Fletcher,grahambobby@hoffman.com,3467450624,1981-03-29,2022-11-07,2024-05-18,"Horticulturist, commercial",HR,64232.52,False,lindseysmith@roach-gallagher.info
Damon,Johnson,alexis76@garner.net,756-559-5634,1966-09-16,2023-04-21,,Risk analyst,Marketing,99229.52,True,edward79@ochoa-rhodes.com
Kelly,Gallegos,mark79@gmail.com,+1-157-413-1459x7667,1980-11-10,2023-05-22,,Colour technologist,Marketing,86468.99,True,michelle72@yahoo.com
Alexis,Miller,christopher97@yahoo.com,(839)758-6936x810,1992-05-15,2020-09-09,,Herpetologist,Marketing,80410.16,True,alexiswelch@lucas.com
Sarah,Smith,perezcesar@gmail.com,+1-362-279-9298x919,1963-05-14,2023-05-26,2023-08-18,"Development worker, community",Engineering,89042.55,False,rebeccaflores@hernandez.com
Eric,Conrad,monicaruiz@ramirez-white.com,946-501-5085x1687,1962-01-06,2020-09-08,2020-12-01,Systems developer,Support,58173.32,False,etaylor@lopez.net
Curtis,Harris,loweolivia@miller.biz,134-385-1720x744,1996-05-06,2021-07-09,2022-10-08,Data scientist,Support,42347.06,False,chanjoshua@bowen-harris.com
Curtis,Price,justinwaters@yahoo.com,(661)478-8966x8724,1970-08-14,2024-03-13,2024-04-09,Television production assistant,Sales,46556.67,False,zhill@anderson-michael.com
Christy,Williams,weaverdeanna@yahoo.com,001-601-492-6109x9710,1985-07-20,2020-12-15,2022-12-30,Chartered loss adjuster,Support,103299.02,False,jennifer75@lopez-wagner.com
Tracy,Gibbs,sarah10@gmail.com,+1-004-920-2808x294,1971-10-05,2021-10-15,2022-08-31,Public house manager,HR,89476.08,False,ilee@hotmail.com
Joseph,Velez,kristinthompson@yahoo.com,+1-128-634-3169,1964-07-09,2021-03-18,2024-02-18,Radiation protection practitioner,Support,114641.49,False,rnguyen@phillips.net
Alejandro,Smith,trichardson@gmail.com,880.212.1192x0215,1981-02-16,2022-10-23,,Equality and diversity officer,Sales,106897.38,True,andersonlinda@frank.com
Bradley,Johnson,fingram@hotmail.com,001-931-575-3565,1960-05-28,2023-03-29,2023-12-04,Archaeologist,HR,88601.06,False,mark79@gmail.com
Thomas,Werner,yvette83@rogers.com,+1-067-342-5372x820,1977-03-12,2021-02-01,2024-01-21,"Designer, multimedia",Marketing,59495.76,False,ohebert@novak.com
Angela,Clark,moorealejandro@yahoo.com,607.964.2204,1966-12-18,2021-05-26,,Newspaper journalist,Sales,97138.63,True,tsmith@hotmail.com
John,Young,rsmith@gmail.com,001-122-593-3532,1961-08-15,2024-05-21,,Waste management officer,Support,38120.9,True,hamptongavin@hotmail.com
Anthony,Morgan,brownkristine@garcia.info,(428)379-0815x1066,1998-11-05,2020-10-29,2024-05-18,Prison officer,HR,83563.4,False,tammybates@jordan.com
Summer,Wise,alison27@yahoo.com,+1-391-808-3278x16801,1973-05-12,2023-06-13,2023-07-27,"Civil engineer, contracting",Support,45344.99,False,kellyadkins@burns.info
Bethany,Bailey,zthomas@yahoo.com,233-370-9956,1984-06-04,2021-05-22,2024-05-21,Field seismologist,Support,105169.17,False,ncunningham@yahoo.com
Greg,Vasquez,virginia88@peck.biz,897-979-1527x35985,1985-08-02,2023-04-27,2023-10-06,"Programmer, systems",HR,82327.43,False,kimberly72@sherman.info
Katie,Randall,leecrystal@gonzalez.biz,468.241.4214x25509,1971-11-05,2020-09-08,,"Scientist, biomedical",Finance,71234.14,True,juanbaldwin@wright-lindsey.com
Julie,Hernandez,robynjohnson@hotmail.com,231-448-1333x54679,1963-12-31,2023-11-09,2023-12-07,Drilling engineer,Marketing,70073.52,False,davenportwendy@hotmail.com
Amanda,Ross,hannahobrien@perez-arnold.com,290.525.2595,1969-04-07,2021-09-29,2024-02-12,"Nurse, children's",Marketing,85327.39,False,sarahevans@wilson.org
Tiffany,Gilmore,anthonysilva@nichols.biz,+1-875-892-7414x484,1999-03-15,2023-05-28,2023-09-25,Community development worker,HR,57106.75,False,tinahernandez@gmail.com
Nicole,Henry,epeterson@james.info,967-521-7201,1985-05-11,2021-08-07,2021-09-30,Community arts worker,Finance,74596.55,False,livingstoncindy@hotmail.com
Tyler,Thompson,leahhamilton@gmail.com,001-398-558-9360x5858,1961-06-16,2024-01-15,2024-03-07,"Journalist, newspaper",Support,48175.49,False,gthomas@hotmail.com
James,Decker,teresa40@yahoo.com,001-616-131-4102x27072,1972-03-16,2024-02-26,2024-04-29,"Buyer, industrial",Finance,58990.58,False,jeffery06@gmail.com
Ryan,Allen,joycewayne@gmail.com,+1-386-960-6013x55469,1961-10-21,2021-04-20,,Web designer,Engineering,39293.17,True,lauren97@reed.info
Mia,Lopez,pittsjulie@martinez.com,146.681.3768,1971-09-23,2023-05-06,2024-01-04,Financial adviser,Support,56145.07,False,yfox@oneal.net
Anthony,Cook,weissrachel@hotmail.com,001-298-974-1732x75297,1979-05-13,2021-09-09,2022-02-16,Petroleum engineer,Finance,109517.11,False,yjones@hotmail.com
James,Taylor,summersbrian@yahoo.com,(737)575-4414,1961-02-22,2023-09-03,,"Surveyor, land/geomatics",Marketing,107824.36,True,hgraham@collier-williams.com
Alex,Clark,roblesbrent@gmail.com,342-383-3241,1996-11-17,2023-07-21,,"Administrator, arts",Sales,94117.97,True,loriwong@yahoo.com
James,Perry,alexishubbard@wallace.info,2348250756,1964-10-24,2024-02-07,,Commercial art gallery manager,Engineering,89784.57,True,martin74@james-ramirez.biz
Bianca,Smith,brianna36@graves-allen.org,(790)207-3270x299,1983-11-04,2020-10-06,,Immunologist,Marketing,110183.94,True,leecrystal@gonzalez.biz
Leslie,Bell,joseph64@yahoo.com,656.297.8167x34844,1962-06-24,2021-09-30,2022-12-25,Barrister's clerk,Engineering,60042.92,False,bbarnes@hotmail.com
Eric,Burns,christian26@stanley-butler.com,928.085.7370,1988-04-10,2023-03-05,,Media buyer,Sales,115902.5,True,shieldsaustin@flores.com
Christopher,Moon,ortiztami@yahoo.com,4849791338,2000-12-24,2020-12-23,,Public relations account executive,Engineering,98172.93,True,carriemoreno@robertson.com
Michele,Rodriguez,haroldkennedy@hotmail.com,750.035.7909,1966-12-16,2020-06-24,2024-04-07,"Engineer, civil (consulting)",HR,66926.59,False,annmunoz@hotmail.com
William,Acosta,katiefoley@sosa-tucker.biz,(171)134-8721x4273,1995-12-07,2021-03-23,2021-07-02,Advertising account executive,Marketing,54503.12,False,ruiztracy@hotmail.com
Frances,Jones,adamsrebecca@gmail.com,2397907047,1971-10-21,2023-08-10,,Glass blower/designer,Marketing,107460.01,True,christopher97@yahoo.com
James,White,jsmith@rivera-jackson.org,+1-479-957-5163x489,2001-07-22,2021-09-20,,"Conservation officer, historic buildings",HR,118074.21,True,dmiller@hotmail.com
Michael,Greene,kathy46@yahoo.com,(620)796-2448x5999,1972-02-06,2024-05-20,,Financial manager,Marketing,49652.67,True,mkemp@yahoo.com
Ian,Green,jimmorris@palmer.biz,271.256.0599x24918,1960-06-14,2023-07-31,2023-10-03,Television production assistant,Marketing,36394.56,False,josedodson@fields.com
Angela,Powers,mooreryan@gmail.com,001-574-522-8923x94628,1987-01-30,2024-02-05,2024-02-14,"Surveyor, planning and development",Finance,109207.97,False,kimberly72@sherman.info
Melissa,Rogers,jdavis@banks.com,3952026859,1961-09-27,2023-03-08,2023-07-11,Production engineer,Support,31425.08,False,gsnyder@davis.com
Cory,Young,katelyn72@yahoo.com,001-491-938-3590x954,1970-01-19,2023-02-10,,Nutritional therapist,Support,58113.01,True,stephanie27@taylor.com
Vicki,Roberts,cowanerin@anderson-howell.biz,4689838755,1992-11-02,2020-06-09,2023-09-12,Bookseller,Engineering,82736.54,False,rnguyen@phillips.net
Sarah,Brown,alexandriabenson@yahoo.com,(947)427-9480,1979-06-22,2023-02-10,2023-06-19,Hydrographic surveyor,Support,80392.67,False,morganjessica@guzman-koch.org
Kelsey,Dean,gibsonchristopher@jones-branch.biz,283-116-1432,1961-06-29,2020-09-28,,Transport planner,Engineering,88910.09,True,brightjames@hotmail.com
Marie,Dixon,patrickhartman@reed.com,(133)785-0052x1486,1966-07-15,2022-04-26,2022-11-18,Diplomatic Services operational officer,HR,100140.24,False,tinahernandez@gmail.com
Mitchell,Baker,thompsonmary@anderson-johnson.com,499-368-0143,1996-03-14,2022-01-08,,Hotel manager,HR,58692.75,True,michael70@woodard.org
Amy,Davis,doughertycarolyn@carter-smith.biz,246.216.8962x8424,1962-01-29,2020-07-10,,Financial planner,Support,55730.8,True,vdavis@hotmail.com
Carla,Mccormick,badams@yahoo.com,(846)759-3871x691,2002-09-22,2021-08-30,,Prison officer,Marketing,52685.39,True,yjimenez@gmail.com
Mario,Ferguson,wcollins@santos.net,378-335-2938,1999-06-26,2020-10-25,2022-02-23,"Engineer, production",Sales,94379.16,False,vpierce@hotmail.com
Brian,Reilly,moorethomas@gmail.com,231-197-3660,1972-07-01,2022-09-04,2023-12-02,Telecommunications researcher,Sales,52075.06,False,sheri79@yahoo.com
Timothy,Copeland,yfowler@gmail.com,+1-403-126-9427x6221,1969-09-06,2022-08-09,,Fitness centre manager,Engineering,95646.48,True,blakemichael@gmail.com
Debbie,Holmes,collinmitchell@anderson-osborne.com,344-882-0600x0629,1994-09-04,2022-12-16,,Printmaker,Marketing,91985.34,True,kelly93@martinez.biz
Justin,Lambert,frederickboyer@gmail.com,352.466.7393x39360,1965-04-04,2021-02-12,2022-05-07,Network engineer,Support,68921.21,False,tsmith@hotmail.com
Brittany,Johnson,salinaskendra@yahoo.com,600-275-8065x458,1984-06-30,2022-11-11,,Games developer,Support,68802.88,True,jessica03@white.com
Alyssa,Hall,ngarcia@yahoo.com,8517646729,1982-09-10,2024-01-01,2024-02-23,Hospital doctor,HR,115744.79,False,andersonpatricia@yahoo.com
Jodi,Moore,jessicaschmidt@long.com,314.000.3453x131,1993-05-07,2021-03-09,2022-10-17,Press photographer,HR,52572.47,False,grosscolleen@yahoo.com
Nicholas,Sullivan,wmerritt@strickland-young.info,001-088-587-4755,1973-07-07,2022-01-08,2024-05-23,"Research officer, government",Sales,40397.62,False,branchashley@roberts.com
Robert,Gordon,reneedean@hotmail.com,+1-193-215-1168x2930,1999-10-19,2022-06-30,2024-05-07,Animator,Support,88919.69,False,alexiswelch@lucas.com
Mary,Hanson,donald94@holmes-miller.com,001-163-326-6892x36348,1976-02-17,2021-03-22,,Administrator,Engineering,88318.1,True,david01@mitchell.biz
Richard,Mitchell,millsjeffrey@yahoo.com,072.340.4600,1968-10-10,2024-02-24,2024-03-21,Soil scientist,Sales,97726.35,False,christina17@yahoo.com
Lisa,Campbell,deborahgonzalez@hotmail.com,(567)729-1813,1963-10-07,2022-04-17,2023-09-20,Quality manager,Marketing,34888.86,False,pmason@hardy.com
Brenda,Huang,hicksjoseph@davis.net,(188)028-6171x716,1975-10-10,2021-10-20,,"Nurse, learning disability",HR,66775.95,True,ewilliams@gmail.com
Melanie,Martinez,scottrose@miller.com,651.446.2512x3464,1990-02-25,2023-04-04,2024-03-18,Occupational psychologist,Support,69870.62,False,bcollins@guerrero.com
Daniel,Bradley,monica12@goodman-ortega.com,+1-195-794-5751x715,1988-03-17,2022-07-07,2022-11-14,Firefighter,Engineering,67931.46,False,silvakaren@williams.com
Steven,Hart,brianalvarez@hotmail.com,508-877-0197x797,1985-05-27,2023-02-15,,Sub,Sales,95244.77,True,ortiztami@yahoo.com
Debra,Carr,jimmy49@hotmail.com,489-717-2757,1982-07-18,2020-07-11,,Merchant navy officer,Sales,50311.46,True,williamsonanthony@gmail.com
Sharon,Cabrera,kristen34@gmail.com,(604)018-2992x7485,1979-12-24,2021-06-09,,Orthoptist,Marketing,61238.68,True,josedodson@fields.com
Robert,Smith,tannergriffin@hotmail.com,535.793.7550x590,1963-03-06,2022-12-18,,Optometrist,Sales,37128.59,True,morganjessica@guzman-koch.org
Vicki,Perry,etaylor@mccormick-hurst.com,(310)178-6793x9518,1989-02-01,2024-05-08,,Museum/gallery curator,HR,108168.35,True,sdillon@hill.net
Mary,Jensen,hpotter@yahoo.com,+1-920-281-6444x7366,1990-05-22,2023-07-31,2024-03-30,Dentist,Engineering,83230.06,False,frederickboyer@gmail.com
Robert,Hunt,sandra55@gmail.com,250-819-7512x036,1973-08-15,2022-04-06,2023-09-12,Hydrogeologist,Support,109633.93,False,christian26@stanley-butler.com
Crystal,Bernard,adam95@bennett.net,222-308-3470x003,1975-07-10,2022-03-04,2022-09-12,Scientific laboratory technician,Support,116650.05,False,williamserica@silva.org
Michael,Taylor,priscilla73@rodriguez.com,+1-871-836-6578x8719,1993-12-20,2023-01-02,,Retail manager,Marketing,106299.28,True,alexishubbard@wallace.info
Stephanie,Frederick,simpsonheather@yahoo.com,(223)874-1595x20674,1989-03-21,2023-01-05,,Research scientist (maths),Marketing,56525.91,True,yfox@oneal.net
Robert,Brown,rickmclaughlin@holden.com,+1-116-171-6022,2003-09-01,2022-08-03,2024-03-13,Fashion designer,Sales,70982.75,False,christina17@yahoo.com
Thomas,Lucero,amber22@yahoo.com,+1-811-045-1387x73726,1993-12-23,2021-01-06,2021-12-02,"Scientist, water quality",Marketing,58221.27,False,blakemichael@gmail.com
Paula,Benson,angelica88@hotmail.com,001-586-910-7402x4828,1971-10-16,2022-09-25,2024-01-19,Health service manager,Support,47374.06,False,brownkristine@garcia.info
Lisa,Rodriguez,petersonsharon@hotmail.com,296.369.1680,1978-06-27,2021-08-07,,Neurosurgeon,Finance,71544.17,True,sdillon@hill.net
Candice,Mckenzie,abailey@hotmail.com,305.125.9707,1964-02-18,2021-06-24,,Curator,Engineering,86012.34,True,ryan32@white.org
James,Ward,nina85@yahoo.com,001-534-104-3485x52098,1994-08-29,2021-10-14,2022-03-12,Financial controller,Sales,62981.79,False,hicksjoseph@davis.net
Denise,Johnson,jennifercampbell@white.info,527-295-4519x08311,1999-10-15,2024-03-27,,Arts administrator,Support,39167.04,True,bennetttracey@yahoo.com
Wendy,Carlson,zjones@pineda-paul.com,502-196-8061,1978-10-16,2022-12-21,,"Development worker, international aid",Engineering,40439.88,True,thomasjames@yahoo.com
Joseph,Campbell,gwebster@dean-stone.org,001-412-158-8264x79508,1977-11-15,2021-05-17,,"Psychologist, occupational",Sales,53010.13,True,michael70@woodard.org
Jennifer,Wright,joel10@lyons.com,(218)013-0658x05549,1967-10-25,2021-10-10,2022-09-28,"Engineer, production",HR,89554.83,False,olivia88@yahoo.com
Haley,Wong,francoshawn@henson.com,973-355-9997x21140,1975-01-28,2020-12-24,,Fast food restaurant manager,Sales,77086.03,True,tracyjordan@hotmail.com
Misty,Moyer,heatherwalker@gmail.com,396.867.5921x502,1975-12-03,2022-07-05,,"Psychologist, educational",HR,76028.62,True,jeffery06@gmail.com
Samantha,Simmons,johnsonjoseph@gmail.com,540.635.3215x63894,1982-11-30,2022-08-19,,Sports therapist,Support,116607.61,True,zhangsharon@yahoo.com
Jeanette,Moss,lewisjeffrey@gmail.com,(288)277-2474x42947,1980-07-20,2020-10-20,2021-10-18,Hydrologist,Engineering,91542.68,False,kelly93@martinez.biz
Jody,Moon,brodriguez@yahoo.com,708-508-8758,1972-02-06,2024-01-27,2024-02-05,Regulatory affairs officer,Sales,99683.35,False,danielgary@russell.com
Emma,Hernandez,brooke84@gmail.com,(628)342-1102x29923,1991-06-14,2022-03-21,2022-12-04,Geochemist,HR,80076.72,False,jacksonmichael@yahoo.com
Kelly,Brown,alex54@ruiz.com,(549)495-9879x24085,1977-07-04,2024-05-16,2024-05-19,Location manager,Sales,85461.09,False,monicaruiz@ramirez-white.com
Antonio,Stewart,robert67@lambert-hernandez.biz,088.135.4455x2887,1989-11-24,2020-11-15,,Dietitian,HR,62298.39,True,badams@yahoo.com
Tyler,Murray,burketravis@smith.com,887-645-6234x00118,2002-09-26,2020-06-23,,Medical physicist,HR,112958.84,True,reidernest@hotmail.com
James,Hutchinson,stephen85@coleman.info,+1-269-986-1297x42825,1972-07-24,2022-06-10,2023-09-16,"Therapist, music",Marketing,88055.67,False,scottrose@miller.com
Erik,Berry,alexander31@robinson.info,001-515-026-6850x073,2001-08-21,2022-02-27,2023-11-06,Operations geologist,HR,94468.06,False,dennismann@schneider.com
Shawn,Wilkins,johnathan80@yahoo.com,674.384.5388,1968-05-04,2022-04-06,,Professor Emeritus,Marketing,58800.96,True,psimmons@gmail.com
Katie,Colon,sharon04@mccoy-williams.com,5642175171,1977-01-23,2023-12-31,,Gaffer,Finance,113150.02,True,loriwong@yahoo.com
Nathan,Kelly,cjohnson@schultz-gonzalez.com,910-245-8159x8271,2001-09-16,2023-09-02,2023-10-11,IT sales professional,Marketing,84257.68,False,pflores@gmail.com
Jeffrey,Simmons,carterruth@miller-rodriguez.com,(748)640-3964,1998-04-25,2020-07-15,,Broadcast presenter,Engineering,37593.45,True,moorethomas@gmail.com
Kendra,Mcbride,alexander86@yahoo.com,001-026-064-8493x8476,1988-09-29,2020-11-22,,Sports development officer,HR,88824.53,True,ohebert@novak.com
Darlene,Jordan,georgecantrell@reynolds.biz,288.401.5073x902,1987-11-19,2024-02-26,2024-04-11,Marine scientist,Sales,83281.95,False,campbelllori@thompson.org
Terry,House,christophergonzalez@ritter.biz,+1-650-544-6271x463,1959-06-03,2021-06-22,,Electrical engineer,Engineering,72262.58,True,nortonmegan@yahoo.com
Yvonne,Beasley,yharris@ortiz.net,(972)164-0208,1991-07-06,2022-12-22,2024-05-11,Fashion designer,Marketing,64293.89,False,rsmith@gmail.com
Rebecca,George,yalvarez@collier-jones.com,+1-478-446-5984x6918,1965-01-27,2020-11-06,,Marketing executive,Sales,42503.59,True,valerie89@gmail.com
Vicki,Stanley,danielruiz@miller.com,199-288-6948,1969-05-27,2024-02-08,,"Nurse, mental health",HR,59250.05,True,ryandoyle@yahoo.com
Anna,Jones,eric08@hotmail.com,(736)765-0766,1974-07-31,2021-10-07,2023-03-19,Music tutor,HR,54925.27,False,johncarpenter@yahoo.com
John,Martinez,dgalloway@franklin.org,001-298-138-5001,2002-12-26,2022-10-23,2023-10-14,Community education officer,HR,109038.49,False,gevans@gardner-butler.com
Tammy,Thomas,collinsteresa@hotmail.com,001-846-880-4149x888,1987-08-10,2021-02-12,,Heritage manager,Support,79939.29,True,alexis76@garner.net
Kathleen,Frost,melissaallen@walton.com,(396)202-6075,1976-04-09,2021-09-01,2023-04-17,Television/film/video producer,HR,31686.81,False,angelicamiller@yahoo.com
Sara,Goodman,qdillon@cohen-moore.com,001-114-928-2178,1963-06-18,2024-04-01,,"Surveyor, rural practice",Sales,118853.51,True,marc46@stark.com
Matthew,King,kevinboyd@hanna.com,087.070.3095,1984-06-01,2022-02-09,,"Scientist, physiological",Marketing,31090.25,True,angelica88@hotmail.com
Jared,Williams,nguyenshawn@hotmail.com,(636)498-7561,1994-04-27,2020-10-29,,"Psychologist, clinical",Engineering,99713.2,True,georgecantrell@reynolds.biz
Christine,King,morgananthony@yahoo.com,(690)360-0998,1995-07-04,2024-02-05,,Ceramics designer,Finance,84995.08,True,alexander31@robinson.info
Shannon,Townsend,mitchellrobert@gmail.com,193-135-3366,1976-09-23,2024-02-23,2024-04-28,Geophysical data processor,Support,53605.54,False,ortiztami@yahoo.com
Kelsey,Pratt,lisa50@yahoo.com,110.034.7003x848,1994-03-26,2023-11-20,,"Embryologist, clinical",Support,97861.02,True,dgalloway@franklin.org
Mary,Lawson,johnwhite@underwood-taylor.org,718.924.6491,1994-09-05,2023-05-20,,Comptroller,Finance,93199.28,True,lsmith@hotmail.com
Elizabeth,Velasquez,david95@obrien.biz,973.105.9962x79134,1995-11-11,2024-04-14,2024-04-18,Physiotherapist,Marketing,38377.49,False,tbenitez@david-leach.com
Daniel,Lowe,leslie57@gmail.com,1918614641,1979-06-16,2021-05-28,,Passenger transport manager,Support,85218.2,True,ruiztracy@hotmail.com
Daniel,Dudley,daniellekim@gonzalez-khan.biz,(618)431-2789,1982-07-08,2023-03-03,,Estate manager/land agent,Engineering,51878.34,True,patriciagonzales@gomez.biz
Ryan,Mcclure,ymorrison@hayes.info,660-860-1724,1993-06-25,2022-05-12,2023-04-24,"Embryologist, clinical",Support,56818.11,False,bortiz@wagner-shepherd.com
Tracy,Cohen,sscott@gmail.com,281-613-9828x9951,2000-05-31,2021-04-20,2023-08-16,Applications developer,Marketing,32666.88,False,badams@yahoo.com
Cheyenne,Price,xlarson@gmail.com,414-008-8805x555,1980-12-20,2020-09-15,2023-12-20,Horticultural therapist,Finance,111834.56,False,williamserica@silva.org
Suzanne,Smith,ebonywarren@gmail.com,020.061.5698x17849,1982-01-03,2020-06-02,2021-08-29,"Horticulturist, amenity",Marketing,102749.19,False,jessica03@white.com
Rita,Mendez,chasehoward@hernandez.net,(707)554-9758,1973-08-25,2023-12-08,2024-03-27,"Conservator, furniture",Support,59533.39,False,robynjohnson@hotmail.com
Katie,Turner,ricemichael@collins.com,+1-450-327-6735x11044,1986-01-26,2020-11-06,2022-12-14,Curator,Marketing,119728.79,False,aduncan@parrish-mccall.com
Jessica,Mcgee,joshuahaley@gmail.com,463.886.7236x79345,1964-09-03,2021-03-29,2022-02-23,Economist,Marketing,40100.38,False,blakemichael@gmail.com
Nicholas,Estrada,drakeconnor@atkins.net,7791964612,1967-09-06,2023-02-24,,Technical sales engineer,HR,90518.29,True,macdonaldbrad@gmail.com
James,Henderson,nguyenbryan@hotmail.com,001-587-594-3798,1993-07-09,2022-10-03,2023-12-18,"Psychotherapist, child",Finance,103034.09,False,aduncan@parrish-mccall.com
Brooke,Martin,loribrown@yahoo.com,+1-651-262-8455x446,1965-07-05,2020-09-30,2021-07-15,Sport and exercise psychologist,Sales,76066.66,False,summersbrian@yahoo.com
Craig,Lee,hsteele@yahoo.com,873.738.6744,1978-04-13,2023-01-01,,Estate agent,Sales,103226.94,True,sabrina87@martinez.com
Tyler,Conley,singletonlinda@williams-reynolds.info,087.379.8980,1978-05-13,2021-09-03,2022-10-29,Data scientist,HR,105707.15,False,amber21@hotmail.com
Elizabeth,Chavez,andersonchristopher@hotmail.com,(694)181-0341,1983-01-03,2020-06-01,2024-04-11,Exhibition designer,Sales,41737.94,False,kelly22@gmail.com
Samantha,Johnston,vcarroll@gmail.com,001-970-162-6981x8792,1969-05-24,2020-06-28,2021-03-13,"Engineer, land",HR,60592.66,False,grosscolleen@yahoo.com
Yolanda,Mcdonald,dhawkins@yahoo.com,(392)437-5921x42292,1963-02-18,2023-02-12,,Psychotherapist,HR,80578.06,True,ilee@hotmail.com
Mary,Ferguson,tayloreric@hotmail.com,001-000-286-1083x80380,1980-06-12,2021-08-08,2021-11-28,Mechanical engineer,Support,77013.86,False,trichardson@gmail.com
Justin,Sellers,vshannon@dunn-castillo.org,(981)719-5809x8802,1968-08-16,2020-08-06,,Ranger/warden,HR,109003.28,True,dhawkins@yahoo.com
Scott,Ramirez,houstonlindsay@krause-hines.com,001-001-167-0982x1197,1977-02-13,2022-07-15,,Social researcher,Marketing,54990.93,True,johnstonkyle@williams-dunlap.net
Marie,Waters,williamroman@hotmail.com,(888)939-6051x9451,1988-11-24,2022-11-17,,"Psychologist, educational",Marketing,56943.93,True,melissa28@baker-perkins.com
Dawn,Miller,thompsonjeff@rodriguez.biz,(151)392-5581x3377,1962-12-01,2024-04-28,,Field seismologist,HR,58192.31,True,jared13@yahoo.com
Sarah,Alvarez,chenry@brown.com,390.754.9904,1974-09-13,2020-11-05,2024-04-26,Clinical molecular geneticist,Marketing,104534.01,False,johnstonkyle@williams-dunlap.net
Joshua,Martin,douglaslopez@craig.com,(968)815-2275x3239,1962-11-29,2022-04-20,2023-04-05,Dance movement psychotherapist,Engineering,104536.69,False,slong@yahoo.com
Brent,Calderon,hickmanpatrick@thompson.info,448.711.8691,1972-04-01,2022-09-27,,Merchant navy officer,Support,92609.91,True,staceythompson@hotmail.com
Rebecca,Gregory,mgoodwin@david.net,4758894880,1962-02-28,2020-11-07,,"Surveyor, minerals",HR,111890.67,True,treed@hotmail.com
Rebecca,Deleon,jonalvarez@hotmail.com,601-085-2761x10096,1980-10-05,2020-10-03,2023-12-06,"Engineer, manufacturing",Support,72356.83,False,lauren97@reed.info
Bryan,Hartman,xgilmore@gmail.com,(812)382-3528x9038,1962-02-20,2021-11-18,2024-05-10,"Scientist, clinical (histocompatibility and immunogenetics)",Finance,58655.18,False,yvette83@rogers.com
Melissa,Holmes,ricecindy@gmail.com,418.404.9269x36462,1983-12-12,2023-12-15,2024-05-14,Medical laboratory scientific officer,Sales,64714.09,False,reneedean@hotmail.com
Melissa,Lee,jason02@hotmail.com,290.095.4605x237,1962-02-24,2023-08-19,,Industrial buyer,Engineering,94967.58,True,bishopgeorge@hogan.org
Sherry,Scott,dakotawilson@miller.biz,0205921531,1964-08-04,2024-05-02,2024-05-20,Location manager,Sales,57801.71,False,adamsrebecca@gmail.com
Nathaniel,Craig,christyjackson@hotmail.com,8035884081,2000-12-21,2023-07-05,2023-08-22,Volunteer coordinator,Finance,116731.82,False,dennismann@schneider.com
Hannah,Ortiz,grahamjessica@booker-thompson.biz,+1-790-808-3402,1975-11-27,2020-11-05,,Tour manager,Finance,88507.66,True,andersonpatricia@yahoo.com
Christopher,Wilkins,kennethwatkins@hotmail.com,001-455-811-2341x99175,1991-04-23,2023-01-11,2023-11-09,Clinical cytogeneticist,Sales,60015.81,False,badams@yahoo.com
Julie,Martin,martinandrew@cunningham-gould.info,656-803-1517x2935,1986-12-30,2022-08-27,2024-01-28,Primary school teacher,Engineering,41411.94,False,nguyenshawn@hotmail.com
Michael,Pope,vmoore@payne.com,385-897-0148,1982-12-24,2021-05-04,,Broadcast journalist,Finance,78654.66,True,collinmitchell@anderson-osborne.com
Jeffrey,Gregory,calhounjames@palmer.com,750-219-7621x7737,1959-08-24,2020-06-10,,Osteopath,Finance,63754.79,True,shieldsaustin@flores.com
John,Johnson,wwilliamson@gmail.com,780.912.8405x750,1971-11-24,2021-10-20,2023-08-30,Magazine journalist,Support,57427.07,False,delgadogeoffrey@lin.info
Wyatt,Rogers,john24@gmail.com,001-533-050-2587,1993-07-03,2023-08-11,,IT consultant,HR,74563.8,True,shieldsaustin@flores.com
Robert,Jackson,heather13@hotmail.com,+1-620-630-6192x87806,1991-03-02,2022-02-11,2023-08-24,Psychiatric nurse,Support,35437.88,False,thomasperkins@pacheco.com
Angela,Smith,donaldthompson@hotmail.com,(375)630-3822x1666,1962-09-17,2023-12-17,2024-01-25,Medical technical officer,Support,112197.24,False,josedodson@fields.com
Jose,Herman,cooperstephanie@walker.com,(342)754-8557,1999-03-31,2023-08-11,2024-03-08,"Conservator, museum/gallery",Sales,57448.58,False,smithrandall@huber-ford.com
Julia,Davis,allenlisa@odom.net,(464)888-2586x14450,1991-03-21,2023-08-03,2023-11-10,Probation officer,Finance,64408.4,False,livingstoncindy@hotmail.com
James,Pittman,samanthawilliams@hotmail.com,001-788-505-0291x2220,1988-03-03,2022-02-21,2022-11-08,"Engineer, energy",HR,63167.13,False,lgrant@hotmail.com
Melissa,Vargas,thompsonsamantha@hotmail.com,039.716.1808x6547,1983-02-03,2023-06-22,2024-02-08,Press photographer,Sales,32610.92,False,timothymeyer@scott.info
Kimberly,Sampson,angiestewart@gray.info,119-925-7268x9924,1971-10-06,2022-03-02,,Stage manager,Finance,50488.13,True,olsongregory@nelson.net
Alexander,Gibson,nicholas30@kim.com,170.831.3589,1965-12-20,2020-07-04,2022-06-03,Firefighter,Support,113140.12,False,mark79@gmail.com
Alisha,White,williambryan@hotmail.com,+1-654-563-3206x01179,1959-08-06,2022-07-19,2023-01-08,"Research officer, government",Finance,65069.25,False,cjohnson@schultz-gonzalez.com
Ryan,Fitzgerald,lrojas@gmail.com,001-076-116-6507x254,1981-02-14,2023-03-05,,Plant breeder/geneticist,Marketing,102363.63,True,treed@hotmail.com
Joe,Gomez,alan71@yahoo.com,+1-501-961-8072x30669,1988-04-29,2021-09-14,,"Education officer, museum",Marketing,38045.7,True,etaylor@lopez.net
Donna,Aguirre,derekjohnson@wallace-case.com,+1-364-777-0130x5872,1960-04-14,2021-03-24,2022-06-30,Heritage manager,Marketing,47341.11,False,jmartinez@randolph-sanchez.com
Regina,Gibbs,russelllee@gordon.com,001-369-372-8563,1977-06-07,2022-05-24,2022-09-08,Psychiatric nurse,Finance,78058.65,False,gibsonchristopher@jones-branch.biz
Victor,Burch,paige14@gmail.com,444.856.5291x4143,1986-01-31,2020-11-04,2022-04-26,Museum education officer,HR,115413.79,False,xlarson@gmail.com
Keith,Burton,karenvasquez@figueroa-kidd.org,6631998262,1970-08-07,2024-03-02,,Further education lecturer,Finance,89459.83,True,olsongregory@nelson.net
Dylan,Adams,abigail79@hotmail.com,802.027.9041,1999-04-02,2020-11-12,,"Journalist, magazine",Support,30224.78,True,thomasjames@yahoo.com
Amy,Davis,holly04@bean.com,001-944-519-9978x1311,1982-01-29,2022-04-29,,Operational researcher,Finance,119090.52,True,vbrown@jenkins.com
Maria,Strickland,eperez@stephens-martin.net,143.820.8222,1962-03-10,2020-10-14,,"Programmer, systems",Engineering,66583.28,True,loriwong@yahoo.com
Shannon,Price,wvasquez@richards.com,(676)908-0905x467,2003-04-21,2021-11-17,2022-08-16,Print production planner,Sales,52622.48,False,matthew06@lopez.biz
Gerald,Bush,anna42@morris.com,2818631940,1983-07-02,2021-11-24,,Manufacturing engineer,HR,90533.09,True,nguyenshawn@hotmail.com
Michael,Hamilton,liubarbara@gmail.com,001-135-403-2554,1976-07-31,2021-10-15,,Clothing/textile technologist,Support,39913.78,True,branchashley@roberts.com
Michael,Blackburn,knightsarah@gmail.com,001-745-290-3960x6993,1984-12-07,2022-10-22,2023-05-24,Research scientist (maths),HR,90810.13,False,monicaruiz@ramirez-white.com
Maria,Medina,robertlawson@hotmail.com,210.116.8801x804,2000-09-18,2022-05-06,,"Social research officer, government",Marketing,102442.4,True,teresa40@yahoo.com
Kelly,Spears,jkim@hotmail.com,(878)845-4329,1998-05-21,2020-10-22,,Dancer,Sales,84789.39,True,jcooper@yahoo.com
Daniel,Martinez,michaelabyrd@yahoo.com,001-075-015-3397,1992-09-10,2023-11-27,2023-12-03,Manufacturing systems engineer,Marketing,60100.87,False,brightjames@hotmail.com
Carmen,Carter,david61@walker.com,+1-563-526-4551x49226,1962-02-04,2020-12-06,,Dealer,Marketing,97974.63,True,jessica03@white.com
Thomas,Woods,shawnkeith@lopez.com,840-613-2819x628,1986-02-24,2022-04-08,,Toxicologist,HR,36991.49,True,lindseysmith@roach-gallagher.info
Brian,Shaw,alexandercarol@yahoo.com,633.052.2438x985,1975-08-12,2021-04-24,,Youth worker,Sales,77611.47,True,christopherbarajas@bailey-johnson.org
Sarah,Mitchell,joy23@lewis-davis.com,+1-451-825-3354x526,1969-01-06,2022-07-11,,Theatre director,HR,46812.17,True,ashley90@rivera.com
Allison,Ryan,morgan94@hotmail.com,+1-599-532-5955x631,1995-09-29,2024-02-15,,"Engineer, automotive",Engineering,41317.21,True,liubarbara@gmail.com
Justin,Snow,whitejeffrey@yahoo.com,814.256.3799,2000-01-31,2023-03-22,2024-01-10,English as a second language teacher,Finance,74816.18,False,jonathan36@mcconnell.com
Nancy,Spencer,macdonaldmichael@lindsey.info,759.385.5258x4337,1963-01-16,2024-03-01,2024-04-21,Chartered loss adjuster,HR,118567.27,False,davenportwendy@hotmail.com
Ryan,Kelly,bethanynelson@gmail.com,+1-890-382-3449x4370,1983-05-28,2023-11-29,,Medical sales representative,HR,93989.7,True,simpsonheather@yahoo.com
Tiffany,Lara,katrina18@gmail.com,(828)514-9475x41780,1967-04-26,2023-04-03,,IT trainer,HR,119524.06,True,mcarter@yahoo.com
Tyler,Pierce,englishpatrick@clark-solis.org,739-848-9362x9234,1986-03-30,2020-07-21,,Sport and exercise psychologist,Support,42801.3,True,sarah10@gmail.com
Leslie,Porter,cassandrarobinson@washington.biz,554-210-9692x9266,1990-08-15,2023-03-08,2024-02-12,Building surveyor,Sales,85811.02,False,sandra55@gmail.com
Adam,Hardy,michael22@gmail.com,+1-356-638-1287,2003-06-03,2021-03-04,2021-05-02,Advertising art director,Support,35006.87,False,torrestimothy@yahoo.com
John,Fisher,nataliemartin@benjamin.com,(157)117-5950x743,1989-09-28,2024-04-23,,"Administrator, sports",Finance,76460.42,True,ngarcia@yahoo.com
Harold,Wallace,diazmaria@norton.org,+1-680-416-4691,1976-05-28,2022-06-10,2022-11-01,Bonds trader,Finance,64669.34,False,daniel73@hansen-davis.info
Erika,Kelley,jburton@martin.biz,161.562.7508x047,1999-01-19,2023-07-04,,Graphic designer,Support,110802.9,True,wmerritt@strickland-young.info
Michelle,Macdonald,phillipwilliams@braun.info,706.032.3167,2003-01-06,2022-05-11,,Environmental consultant,Finance,43439.58,True,david01@mitchell.biz
Michael,Curtis,kgarcia@yahoo.com,491-753-1843x295,1960-04-21,2022-09-23,2022-11-04,Insurance claims handler,Finance,96721.92,False,hicksjoseph@davis.net
Tommy,Perez,mollyrobinson@yahoo.com,001-894-344-2186x5237,1960-08-15,2023-06-10,2024-04-20,"Programmer, systems",Support,97794.22,False,monicaruiz@ramirez-white.com
Martha,Fisher,danielleking@watson.org,+1-454-093-5964,1961-02-02,2022-04-23,,Hydrographic surveyor,Support,69055.25,True,eric08@hotmail.com
Alexander,Kaufman,teresa40@gmail.com,885.156.9388x104,1973-11-22,2022-06-05,2023-10-13,Furniture designer,Engineering,98421.6,False,mollyrobinson@yahoo.com
Ryan,Garcia,gatesjessica@parks.com,(593)742-2610,2000-10-17,2024-03-30,,"Conservator, furniture",HR,60054.01,True,fingram@hotmail.com
John,Short,mary52@yahoo.com,291-750-0114,1966-04-29,2024-05-16,2024-05-19,"Journalist, magazine",Marketing,61347.29,False,samanthawilliams@hotmail.com
Jill,Brewer,morrisonricky@hernandez.com,128.305.8639x7018,1972-03-25,2024-05-10,2024-05-10,"Accountant, chartered management",Finance,49398.55,False,kellyadkins@burns.info
Katherine,Evans,jporter@griffith-wyatt.com,606-276-5688x32673,1960-06-02,2022-08-08,2024-03-16,Mudlogger,Engineering,86224.58,False,djoseph@gmail.com
Paige,Underwood,allenrandy@gmail.com,001-090-035-8024,2001-11-30,2023-11-04,,"Scientist, product/process development",Finance,85658.66,True,sscott@gmail.com
Andrew,Patterson,josephyoung@hotmail.com,+1-946-381-9972x823,1985-08-30,2023-11-23,,"Designer, textile",HR,52017.52,True,dwatson@yahoo.com
Dennis,Baker,vnelson@yahoo.com,+1-549-222-9553x85279,1961-02-15,2022-09-18,,Aid worker,Engineering,103835.5,True,tracyjordan@hotmail.com
Jennifer,Grant,ana33@yahoo.com,386-262-6034x2277,1992-11-20,2023-08-26,2023-10-02,"Designer, exhibition/display",Finance,81999.16,False,cassandrarobinson@washington.biz
Alexandra,Ward,aliciabishop@yahoo.com,001-115-226-9069x303,2002-03-04,2023-12-23,2024-04-17,Dietitian,Sales,40499.04,False,ryan01@sanchez-cruz.net
Stephanie,Solomon,freemanvanessa@smith.biz,(716)256-7749x99549,1979-04-10,2024-01-27,,Community arts worker,Sales,87170.2,True,figueroaamy@thomas.biz
Andrea,Allen,mcrawford@gmail.com,001-511-041-4482x6394,1987-07-02,2022-06-23,,"Loss adjuster, chartered",Engineering,108244.77,True,zhangsharon@yahoo.com
Austin,Martinez,briannadaniels@yahoo.com,(694)188-5536x636,1960-07-28,2021-06-25,,Building control surveyor,HR,102034.16,True,ricemichael@collins.com
William,Davis,brittanypage@lawson.org,251.659.7571x6902,1985-03-10,2021-03-31,2024-04-14,"Librarian, academic",Sales,70168.15,False,johnathan80@yahoo.com
John,Carlson,taylorolsen@yahoo.com,3757155907,1989-08-24,2021-10-19,,"Investment banker, corporate",Finance,69499.38,True,bbarnes@hotmail.com
Shannon,Williams,yconley@yahoo.com,557-939-5001x21652,1983-12-22,2023-05-18,,"Surveyor, building control",Engineering,57596.49,True,hpotter@yahoo.com
Gregory,Parker,barnettstephanie@herrera-turner.net,001-745-201-7439x31784,1988-10-21,2021-01-02,2023-09-04,Banker,Support,74637.02,False,englishpatrick@clark-solis.org
Tamara,Moore,christiansimon@freeman-smith.com,(492)124-6253x01249,1961-05-27,2021-08-17,2022-07-20,Television camera operator,Engineering,112079.99,False,bcollins@guerrero.com
Laura,Martinez,amy68@gmail.com,187-844-3412,1989-01-06,2021-02-17,,Astronomer,Sales,41658.91,True,xpatel@hotmail.com
Matthew,Moreno,costabrenda@yahoo.com,881.458.1945x2086,1993-10-28,2023-01-28,2024-04-27,Product/process development scientist,Marketing,96830.28,False,alexander31@robinson.info
Andrew,Perez,stonericky@hudson.com,630.287.1909x028,2003-09-22,2023-04-28,,Warehouse manager,Support,75328.84,True,kristinthompson@yahoo.com
Michelle,Arnold,pricedavid@gmail.com,+1-295-596-3649,1959-11-19,2020-07-21,,Fisheries officer,Marketing,34510.68,True,priscilla73@rodriguez.com
